Species,Inflorescence_type,Follicle_inflation,Number_of_bud_scales,Leaf_dimorphism,Leaf_blade_margin,Stamen_length,Leaf_blade_venation,Branchlet_angulation,Sepal_reflexion,Leaf_blade_size,Petal_color,Follicle_pubescence
Spiraea_bella,0,0,0,0,0,0,0,0,1,1,1,0
Spiraea_fritschiana,0,0,0,0,0,2,0,0,1,2,0,0
Spiraea_fritschiana_var._angulata,0,0,0,0,0,2,0,0,1,2,0,0
Spiraea_hingshanensis,0,0,1,0,0,2,0,0,1,2,0,1
Spiraea_japonica,0,0,0,0,0,2,0,1,0,1,1,0
Spiraea_japonica_var._acuminata,0,0,0,0,0,2,0,1,0,1,1,0
Spiraea_japonica_var._acuta,0,0,0,0,0,2,0,1,0,1,1,0
Spiraea_micrantha,0,0,0,0,0,2,0,1,0,2,0,0
Spiraea_japonica_var._formosana,0,0,0,0,0,2,0,1,0,1,0,0
Spiraea_japonica_var._fortunei,0,0,0,0,0,2,0,1,0,2,1,0
Spiraea_japonica_var._kweichowensis,0,0,0,0,0,2,0,1,0,1,1,0
Spiraea_lobulata,0,0,1,0,0,2,0,0,0,2,0,1
Spiraea_longigemmis,0,0,1,0,0,2,0,1,1,1,0,1
Spiraea_miyabei,0,0,0,0,0,2,0,1,1,1,0,1
Spiraea_morrisonicola,0,0,1,0,0,1,0,1,0,1,0,0
Spiraea_purpurea,0,0,0,0,0,1,0,1,0,1,1,0
Spiraea_rosthornii,0,0,1,0,0,2,0,1,1,1,0,1
Spiraea_velutina,0,0,1,0,0,2,0,1,1,2,0,1
Spiraea_arcuata,1,0,1,0,0,1,0,0,1,0,1,0
Spiraea_canescens,1,0,1,0,0,1,0,0,0,1,0,1
Spiraea_henryi,1,0,0,0,0,1,0,0,0,1,0,1
Spiraea_henryi_var._omeiensis,1,0,0,0,0,1,0,0,0,1,0,1
Spiraea_ovalis,1,0,0,0,1,1,0,1,0,1,0,1
Spiraea_sargentiana,1,0,0,0,0,1,0,1,1,1,0,0
Spiraea_schneideriana,1,0,0,0,1,1,0,0,0,0,0,0
Spiraea_schochiana,1,0,0,0,0,1,0,0,0,1,0,1
Spiraea_ovalis_var._teretiuscula,1,0,0,0,1,1,0,1,0,1,0,1
Spiraea_trichocarpa,1,0,1,0,1,1,0,0,0,1,0,1
Spiraea_uratensis,1,0,1,0,1,1,0,0,0,1,0,1
Spiraea_veitchii,1,0,0,0,1,1,0,1,0,1,0,0
Spiraea_wilsonii,1,0,0,0,1,1,0,1,0,1,0,1
Spiraea_salicifolia,2,0,0,0,0,2,0,0,1,2,1,0
Spiraea_alpina,3,0,0,0,1,1,0,0,0,0,0,0
Spiraea_chamaedryfolia,3,0,1,0,0,2,0,0,1,1,0,1
Spiraea_dahurica,3,0,0,0,1,2,0,1,1,0,0,0
Spiraea_elegans,3,0,0,0,0,0,0,1,0,1,0,1
Spiraea_laeta,3,1,0,0,0,2,0,0,1,1,0,0
Spiraea_lasiocarpa,3,0,1,0,1,1,0,0,1,0,0,0
Spiraea_lichiangensis,3,1,0,0,1,2,0,1,1,1,0,1
Spiraea_media,3,0,0,0,1,2,0,1,1,1,0,1
Spiraea_mollifolia,3,0,1,0,0,1,0,0,0,0,0,1
Spiraea_myrtilloides,3,0,0,0,1,1,0,0,0,0,0,0
Spiraea_ningshiaensis,3,0,0,0,1,0,0,0,0,0,0,0
Spiraea_pjassetzkii,3,0,0,0,0,1,0,1,1,0,0,0
Spiraea_sericea,3,0,0,0,1,1,0,1,1,1,0,1
Spiraea_sublobata,3,1,0,0,0,2,0,0,0,1,0,1
Spiraea_mongolica,3,0,1,0,1,1,0,0,1,0,0,1
Spiraea_blumei,4,0,0,0,0,1,1,1,0,1,0,0
Spiraea_cantoniensis,4,0,0,0,0,0,0,1,0,1,0,0
Spiraea_chinensis,4,0,0,0,0,1,0,1,0,1,0,1
Spiraea_dasyantha,4,0,0,0,0,0,0,1,0,1,0,1
Spiraea_hirsuta,4,0,0,0,0,0,0,1,0,1,0,1
Spiraea_hirsuta_var._rotundifolia,4,0,0,0,0,0,0,1,0,1,0,1
Spiraea_nishimurae,4,0,0,0,0,1,0,1,0,0,0,1
Spiraea_turczaninowii,4,0,0,0,0,1,0,1,0,1,0,0
Spiraea_trilobata,4,0,0,0,0,0,1,1,0,1,0,0
Spiraea_yunnanensis,4,0,0,0,0,0,0,1,0,1,0,1
Spiraea_adiantoides,5,0,0,1,0,0,1,1,0,1,0,0
Spiraea_calcicola,3,0,0,0,1,1,0,0,0,0,0,0
Spiraea_compsophylla,3,0,0,1,1,1,1,0,0,0,0,0
Spiraea_hypericifolia,5,0,0,1,1,1,0,1,0,1,0,0
Spiraea_kwangsiensis,3,0,0,0,0,0,1,1,0,1,0,0
Spiraea_martini,5,0,0,0,0,0,0,0,0,0,0,0
Spiraea_muliensis,5,0,0,0,0,1,0,0,1,1,0,1
Spiraea_prunifolia,5,0,0,0,0,0,0,0,0,1,0,0
Spiraea_prunifolia_var._simpliciflora,5,0,0,0,0,0,0,0,0,1,0,0
Spiraea_thunbergii,5,0,0,0,0,0,0,0,0,1,0,0
